[
    {
        "label":"Theme One",
        "value":"theme-1",
        "content": "<!-- wp:b-blocks/call-to-actions {\"callToActions\":[{\"title\":\"Code Less,\",\"highlight\":\"Create More Magic\",\"description\":\"Dream it up, then add it to your design.\",\"buttonName\":\"Get a Demo\",\"buttonLink\":\"https://bplugins.com/\",\"icon\":\"\\u003csvg xmlns=\\\"http://www.w3.org/2000/svg\\\" viewBox=\\\"0 0 16 16\\\" id=\\\"arrow-right\\\"\\u003e\\u003cpath fill-rule=\\\"evenodd\\\" d=\\\"M1 8a.5.5 0 0 1 .5-.5h11.793l-3.147-3.146a.5.5 0 0 1 .708-.708l4 4a.5.5 0 0 1 0 .708l-4 4a.5.5 0 0 1-.708-.708L13.293 8.5H1.5A.5.5 0 0 1 1 8\\\"/\\u003e\\u003c/svg\\u003e\"}],\"style\":{\"background\":{\"type\":\"solid\",\"color\":\"#2B3035\",\"gradient\":\"linear-gradient(45deg, #FF0000, #00FF00)\",\"image\":{\"url\":\"https://templates.bplugins.com/wp-content/uploads/2025/02/section-collection-plugin-bg-1.png\"},\"position\":\"center center\",\"attachment\":\"initial\",\"repeat\":\"no-repeat\",\"size\":\"cover\",\"overlayColor\":\"rgba(0, 0, 0, 0.1)\"},\"radius\":{\"top\":\"0px\",\"right\":\"0px\",\"bottom\":\"0px\",\"left\":\"0px\"},\"padding\":{\"desktop\":{\"top\":\"136px\",\"right\":\"0px\",\"bottom\":\"136px\",\"left\":\"0px\"},\"tablet\":{\"top\":\"60px\",\"right\":\"0px\",\"bottom\":\"60px\",\"left\":\"0px\"},\"mobile\":{\"top\":\"30px\",\"right\":\"0px\",\"bottom\":\"30px\",\"left\":\"0px\"}},\"margin\":{\"desktop\":{\"top\":\"0px\",\"right\":\"0px\",\"bottom\":\"0px\",\"left\":\"0px\"},\"tablet\":{\"top\":\"0px\",\"right\":\"0px\",\"bottom\":\"0px\",\"left\":\"0px\"},\"mobile\":{\"top\":\"0px\",\"right\":\"0px\",\"bottom\":\"0px\",\"left\":\"0px\"}},\"ctaStyle\":{\"background\":{\"type\":\"image\",\"color\":\"#2B3035\",\"gradient\":\"linear-gradient(45deg,rgb(0, 255, 0),rgb(255, 0, 128))\",\"image\":{\"url\":\"https://templates.bplugins.com/wp-content/uploads/2025/03/section-collection-bg-cta-tomor.png\"},\"position\":\"center center\",\"attachment\":\"initial\",\"repeat\":\"no-repeat\",\"size\":\"cover\",\"overlayColor\":\"rgba(0, 0, 0, 0.1)\"},\"radius\":{\"top\":\"0px\",\"right\":\"0px\",\"bottom\":\"0px\",\"left\":\"0px\"},\"radiusThree\":{\"top\":\"16px\",\"right\":\"16px\",\"bottom\":\"16px\",\"left\":\"16px\"},\"padding\":{\"desktop\":{\"top\":\"120px\",\"right\":\"0px\",\"bottom\":\"120px\",\"left\":\"0px\"},\"tablet\":{\"top\":\"60px\",\"right\":\"0px\",\"bottom\":\"60px\",\"left\":\"0px\"},\"mobile\":{\"top\":\"30px\",\"right\":\"0px\",\"bottom\":\"30px\",\"left\":\"0px\"}},\"margin\":{\"desktop\":{\"top\":\"0px\",\"right\":\"-12px\",\"bottom\":\"0px\",\"left\":\"-12px\"},\"tablet\":{\"top\":\"0px\",\"right\":\"-12px\",\"bottom\":\"0px\",\"left\":\"-12px\"},\"mobile\":{\"top\":\"0px\",\"right\":\"-12px\",\"bottom\":\"0px\",\"left\":\"-12px\"}},\"borderColor\":\"rgba(1, 1, 8, 0.86)\",\"borderColorTwo\":\"rgba(42, 15, 206, 1)\",\"borderWidth\":\"1px\",\"containerWidth\":{\"desktop\":\"1320px\",\"tablet\":\"960px\",\"mobile\":\"540px\"},\"title\":{\"color\":\"rgba(252, 252, 253, 1)\",\"gradient\":{\"type\":\"linear\",\"radialType\":\"ellipse\",\"colors\":[{\"color\":\"#fff\",\"position\":20},{\"color\":\"#c7f32f\",\"position\":65}],\"centerPositions\":{\"x\":50,\"y\":50}},\"gradientTwo\":{\"type\":\"linear\",\"radialType\":\"ellipse\",\"colors\":[{\"color\":\"#fff\",\"position\":0},{\"color\":\"#6328ff\",\"position\":100}],\"centerPositions\":{\"x\":50,\"y\":50}},\"typo\":{\"fontFamily\":\"Manrope\",\"fontCategory\":\"sans-serif\",\"fontWeight\":700,\"fontSize\":{\"desktop\":76,\"tablet\":39,\"mobile\":39},\"fontStyle\":\"normal\",\"textTransform\":\"none\",\"textDecoration\":\"auto\",\"lineHeight\":\"90px\",\"letterSpace\":\"0px\"}},\"des\":{\"color\":\"rgba(252, 252, 253, 1)\",\"typo\":{\"fontFamily\":\"Manrope\",\"fontCategory\":\"sans-serif\",\"fontWeight\":500,\"fontSize\":{\"desktop\":17,\"tablet\":14,\"mobile\":14},\"fontStyle\":\"normal\",\"textTransform\":\"none\",\"textDecoration\":\"auto\",\"lineHeight\":\"45px\",\"letterSpace\":\"0px\"}},\"button\":{\"color\":\"rgba(13, 13, 14, 0.9)\",\"colorTwo\":\"rgba(252, 252, 253, 1)\",\"bg\":\"#c7f32f\",\"bgtwo\":\"linear-gradient(90deg, rgba(136, 91, 253, 0.8) 0px, rgba(99, 40, 255, 0.8) 68.76%)\",\"bgThree\":\"#f65c34\",\"bgHoverColor\":\"rgba(201, 245, 57, 0.918)\",\"bgHoverColorTwo\":\"rgba(99, 40, 255, 0.8)\",\"bgHoverColorThree\":\"#D14E2C\",\"width\":\"19px\",\"radius\":{\"top\":\"6px\",\"right\":\"6px\",\"bottom\":\"6px\",\"left\":\"6px\"},\"padding\":{\"desktop\":{\"top\":\"9px\",\"right\":\"16px\",\"bottom\":\"9px\",\"left\":\"16px\"},\"tablet\":{\"top\":\"9px\",\"right\":\"16px\",\"bottom\":\"9px\",\"left\":\"16px\"},\"mobile\":{\"top\":\"8px\",\"right\":\"16px\",\"bottom\":\"8px\",\"left\":\"16px\"}},\"typo\":{\"fontFamily\":\"Manrope\",\"fontCategory\":\"sans-serif\",\"fontWeight\":600,\"fontSize\":{\"desktop\":17,\"tablet\":16,\"mobile\":16},\"fontStyle\":\"normal\",\"textTransform\":\"none\",\"textDecoration\":\"auto\",\"lineHeight\":\"27px\",\"letterSpace\":\"0px\"}}}} /-->"
    },
    {
        "label": "Theme Two",
        "value": "theme-2",
        "content": "<!-- wp:b-blocks/call-to-actions {\"layout\":{\"theme\":\"theme-2\"},\"callToActions\":[{\"title\":\"Get Started Used\",\"highlight\":\"For Free\",\"description\":\"Dream it up, then add it to your design\",\"buttonName\":\"Get a Demo\",\"icon\":\"<svg xmlns=\\\"http://www.w3.org/2000/svg\\\" viewBox=\\\"0 0 576 512\\\"><path d=\\\"M407.8 294.7c-3.3-.4-6.7-.8-10-1.3c3.4 .4 6.7 .9 10 1.3zM288 227.1C261.9 176.4 190.9 81.9 124.9 35.3C61.6-9.4 37.5-1.7 21.6 5.5C3.3 13.8 0 41.9 0 58.4S9.1 194 15 213.9c19.5 65.7 89.1 87.9 153.2 80.7c3.3-.5 6.6-.9 10-1.4c-3.3 .5-6.6 1-10 1.4C74.3 308.6-9.1 342.8 100.3 464.5C220.6 589.1 265.1 437.8 288 361.1c22.9 76.7 49.2 222.5 185.6 103.4c102.4-103.4 28.1-156-65.8-169.9c-3.3-.4-6.7-.8-10-1.3c3.4 .4 6.7 .9 10 1.3c64.1 7.1 133.6-15.1 153.2-80.7C566.9 194 576 75 576 58.4s-3.3-44.7-21.6-52.9c-15.8-7.1-40-14.9-103.2 29.8C385.1 81.9 314.1 176.4 288 227.1z\\\"></path></svg>\",\"buttonAction\":\"false\",\"buttonLink\":\"https://unsplash.com/\"}],\"style\":{\"background\":{\"type\":\"solid\",\"color\":\"#2b303600\",\"gradient\":\"linear-gradient(45deg, #FF0000, #00FF00)\",\"image\":{\"url\":\"https://templates.bplugins.com/wp-content/uploads/2025/02/section-collection-plugin-bg-1.png\"},\"position\":\"center center\",\"attachment\":\"initial\",\"repeat\":\"no-repeat\",\"size\":\"cover\",\"overlayColor\":\"rgba(0, 0, 0, 0.1)\"},\"radius\":{\"top\":\"0px\",\"right\":\"0px\",\"bottom\":\"0px\",\"left\":\"0px\"},\"padding\":{\"desktop\":{\"top\":\"0px\",\"right\":\"0px\",\"bottom\":\"0px\",\"left\":\"0px\"},\"tablet\":{\"top\":\"0px\",\"right\":\"30px\",\"bottom\":\"0px\",\"left\":\"30px\"},\"mobile\":{\"top\":\"0px\",\"right\":\"10px\",\"bottom\":\"0px\",\"left\":\"10px\"}},\"margin\":{\"desktop\":{\"top\":\"0px\",\"right\":\"0px\",\"bottom\":\"0px\",\"left\":\"0px\"},\"tablet\":{\"top\":\"0px\",\"right\":\"0px\",\"bottom\":\"0px\",\"left\":\"0px\"},\"mobile\":{\"top\":\"0px\",\"right\":\"0px\",\"bottom\":\"0px\",\"left\":\"0px\"}},\"ctaStyle\":{\"background\":{\"type\":\"image\",\"color\":\"rgb(255, 0, 128)\",\"gradient\":\"linear-gradient(45deg,rgb(0, 255, 0),rgb(255, 0, 128))\",\"image\":{\"url\":\"https://templates.bplugins.com/wp-content/uploads/2025/04/ScreenShot-Tool-20250428123944.png\"},\"position\":\"center center\",\"attachment\":\"initial\",\"repeat\":\"no-repeat\",\"size\":\"cover\",\"overlayColor\":\"rgba(0, 0, 0, 0.1)\"},\"radius\":{\"top\":\"0px\",\"right\":\"0px\",\"bottom\":\"0px\",\"left\":\"0px\"},\"radiusThree\":{\"top\":\"16px\",\"right\":\"16px\",\"bottom\":\"16px\",\"left\":\"16px\"},\"padding\":{\"desktop\":{\"top\":\"120px\",\"right\":\"0px\",\"bottom\":\"120px\",\"left\":\"0px\"},\"tablet\":{\"top\":\"60px\",\"right\":\"0px\",\"bottom\":\"60px\",\"left\":\"0px\"},\"mobile\":{\"top\":\"30px\",\"right\":\"0px\",\"bottom\":\"30px\",\"left\":\"0px\"}},\"margin\":{\"desktop\":{\"top\":\"0px\",\"right\":\"-12px\",\"bottom\":\"0px\",\"left\":\"-12px\"},\"tablet\":{\"top\":\"0px\",\"right\":\"-12px\",\"bottom\":\"0px\",\"left\":\"-12px\"},\"mobile\":{\"top\":\"0px\",\"right\":\"-12px\",\"bottom\":\"0px\",\"left\":\"-12px\"}},\"borderColor\":\"rgba(1, 1, 8, 0.86)\",\"borderColorTwo\":\"rgba(42, 15, 206, 1)\",\"borderWidth\":\"1px\",\"containerWidth\":{\"desktop\":\"1320px\",\"tablet\":\"960px\",\"mobile\":\"540px\"},\"title\":{\"color\":\"rgba(252, 252, 253, 1)\",\"gradient\":{\"type\":\"linear\",\"radialType\":\"ellipse\",\"colors\":[{\"color\":\"#fff\",\"position\":20},{\"color\":\"#c7f32f\",\"position\":65}],\"centerPositions\":{\"x\":50,\"y\":50}},\"gradientTwo\":{\"type\":\"linear\",\"radialType\":\"ellipse\",\"colors\":[{\"color\":\"#fff\",\"position\":0},{\"color\":\"#6328ff\",\"position\":100}],\"centerPositions\":{\"x\":50,\"y\":50}},\"typo\":{\"fontFamily\":\"Manrope\",\"fontCategory\":\"sans-serif\",\"fontWeight\":700,\"fontSize\":{\"desktop\":76,\"tablet\":39,\"mobile\":39},\"fontStyle\":\"normal\",\"textTransform\":\"none\",\"textDecoration\":\"auto\",\"lineHeight\":\"90px\",\"letterSpace\":\"0px\"}},\"des\":{\"color\":\"rgba(252, 252, 253, 1)\",\"typo\":{\"fontFamily\":\"Manrope\",\"fontCategory\":\"sans-serif\",\"fontWeight\":500,\"fontSize\":{\"desktop\":17,\"tablet\":14,\"mobile\":14},\"fontStyle\":\"normal\",\"textTransform\":\"none\",\"textDecoration\":\"auto\",\"lineHeight\":\"45px\",\"letterSpace\":\"0px\"}},\"button\":{\"color\":\"rgba(13, 13, 14, 0.9)\",\"colorTwo\":\"rgba(252, 252, 253, 1)\",\"bg\":\"#c7f32f\",\"bgtwo\":\"linear-gradient(90deg, rgba(136, 91, 253, 0.8) 0px, rgba(99, 40, 255, 0.8) 68.76%)\",\"bgThree\":\"#f65c34\",\"bgHoverColor\":\"rgba(201, 245, 57, 0.918)\",\"bgHoverColorTwo\":\"rgba(99, 40, 255, 0.8)\",\"bgHoverColorThree\":\"#D14E2C\",\"width\":\"19px\",\"radius\":{\"top\":\"6px\",\"right\":\"6px\",\"bottom\":\"6px\",\"left\":\"6px\"},\"padding\":{\"desktop\":{\"top\":\"9px\",\"right\":\"16px\",\"bottom\":\"9px\",\"left\":\"16px\"},\"tablet\":{\"top\":\"9px\",\"right\":\"16px\",\"bottom\":\"9px\",\"left\":\"16px\"},\"mobile\":{\"top\":\"8px\",\"right\":\"16px\",\"bottom\":\"8px\",\"left\":\"16px\"}},\"typo\":{\"fontFamily\":\"Manrope\",\"fontCategory\":\"sans-serif\",\"fontWeight\":600,\"fontSize\":{\"desktop\":17,\"tablet\":16,\"mobile\":16},\"fontStyle\":\"normal\",\"textTransform\":\"none\",\"textDecoration\":\"auto\",\"lineHeight\":\"27px\",\"letterSpace\":\"0px\"}}},\"radiusThree\":{\"top\":\"16px\",\"right\":\"16px\",\"bottom\":\"16px\",\"left\":\"16px\"}}} /-->"
    },
    {
        "label": "Theme Three",
        "value": "theme-3",
        "content": "<!-- wp:b-blocks/call-to-actions {\"layout\":{\"theme\":\"theme-3\"},\"callToActions\":[{\"title\":\"Start Your 30-Day Free Trial\",\"description\":\"Write 10x faster, engage your audience, & never struggle\",\"buttonName\":\"Generate Video\",\"buttonLink\":\"https://www.unminify2.com/\",\"icon\":\"<svg xmlns=\\\"http://www.w3.org/2000/svg\\\" viewBox=\\\"0 0 16 16\\\" id=\\\"arrow-right\\\"><path fill-rule=\\\"evenodd\\\" d=\\\"M1 8a.5.5 0 0 1 .5-.5h11.793l-3.147-3.146a.5.5 0 0 1 .708-.708l4 4a.5.5 0 0 1 0 .708l-4 4a.5.5 0 0 1-.708-.708L13.293 8.5H1.5A.5.5 0 0 1 1 8\\\"></path></svg>\"}],\"style\":{\"background\":{\"type\":\"solid\",\"color\":\"#2b303600\",\"gradient\":\"linear-gradient(45deg, #FF0000, #00FF00)\",\"image\":{\"url\":\"https://templates.bplugins.com/wp-content/uploads/2025/02/section-collection-plugin-bg-1.png\"},\"position\":\"center center\",\"attachment\":\"initial\",\"repeat\":\"no-repeat\",\"size\":\"cover\",\"overlayColor\":\"rgba(0, 0, 0, 0.1)\"},\"radius\":{\"top\":\"0px\",\"right\":\"0px\",\"bottom\":\"0px\",\"left\":\"0px\"},\"padding\":{\"desktop\":{\"top\":\"0px\",\"right\":\"0px\",\"bottom\":\"0px\",\"left\":\"0px\"},\"tablet\":{\"top\":\"0px\",\"right\":\"30px\",\"bottom\":\"0px\",\"left\":\"30px\"},\"mobile\":{\"top\":\"0px\",\"right\":\"10px\",\"bottom\":\"0px\",\"left\":\"10px\"}},\"margin\":{\"desktop\":{\"top\":\"0px\",\"right\":\"0px\",\"bottom\":\"0px\",\"left\":\"0px\"},\"tablet\":{\"top\":\"0px\",\"right\":\"0px\",\"bottom\":\"0px\",\"left\":\"0px\"},\"mobile\":{\"top\":\"0px\",\"right\":\"0px\",\"bottom\":\"0px\",\"left\":\"0px\"}},\"ctaStyle\":{\"background\":{\"type\":\"image\",\"color\":\"rgb(255, 0, 128)\",\"gradient\":\"linear-gradient(45deg,rgb(0, 255, 0),rgb(255, 0, 128))\",\"image\":{\"url\":\"https://templates.bplugins.com/wp-content/uploads/2025/04/ScreenShot-Tool-20250428124335-1.png\"},\"position\":\"center center\",\"attachment\":\"initial\",\"repeat\":\"no-repeat\",\"size\":\"cover\",\"overlayColor\":\"rgba(0, 0, 0, 0.1)\"},\"radius\":{\"top\":\"0px\",\"right\":\"0px\",\"bottom\":\"0px\",\"left\":\"0px\"},\"radiusThree\":{\"top\":\"16px\",\"right\":\"16px\",\"bottom\":\"16px\",\"left\":\"16px\"},\"padding\":{\"desktop\":{\"top\":\"120px\",\"right\":\"0px\",\"bottom\":\"120px\",\"left\":\"0px\"},\"tablet\":{\"top\":\"60px\",\"right\":\"0px\",\"bottom\":\"60px\",\"left\":\"0px\"},\"mobile\":{\"top\":\"30px\",\"right\":\"0px\",\"bottom\":\"30px\",\"left\":\"0px\"}},\"margin\":{\"desktop\":{\"top\":\"0px\",\"right\":\"-12px\",\"bottom\":\"0px\",\"left\":\"-12px\"},\"tablet\":{\"top\":\"0px\",\"right\":\"-12px\",\"bottom\":\"0px\",\"left\":\"-12px\"},\"mobile\":{\"top\":\"0px\",\"right\":\"-12px\",\"bottom\":\"0px\",\"left\":\"-12px\"}},\"borderColor\":\"rgba(1, 1, 8, 0.86)\",\"borderColorTwo\":\"rgba(42, 15, 206, 1)\",\"borderWidth\":\"1px\",\"containerWidth\":{\"desktop\":\"1320px\",\"tablet\":\"960px\",\"mobile\":\"540px\"},\"title\":{\"color\":\"rgba(252, 252, 253, 1)\",\"gradient\":{\"type\":\"linear\",\"radialType\":\"ellipse\",\"colors\":[{\"color\":\"#fff\",\"position\":20},{\"color\":\"#c7f32f\",\"position\":65}],\"centerPositions\":{\"x\":50,\"y\":50}},\"gradientTwo\":{\"type\":\"linear\",\"radialType\":\"ellipse\",\"colors\":[{\"color\":\"#fff\",\"position\":0},{\"color\":\"#6328ff\",\"position\":100}],\"centerPositions\":{\"x\":50,\"y\":50}},\"typo\":{\"fontFamily\":\"Manrope\",\"fontCategory\":\"sans-serif\",\"fontWeight\":700,\"fontSize\":{\"desktop\":64,\"tablet\":39,\"mobile\":39},\"fontStyle\":\"normal\",\"textTransform\":\"none\",\"textDecoration\":\"auto\",\"lineHeight\":\"65px\",\"letterSpace\":\"0px\"}},\"des\":{\"color\":\"rgba(252, 252, 253, 1)\",\"typo\":{\"fontFamily\":\"Manrope\",\"fontCategory\":\"sans-serif\",\"fontWeight\":500,\"fontSize\":{\"desktop\":17,\"tablet\":14,\"mobile\":14},\"fontStyle\":\"normal\",\"textTransform\":\"none\",\"textDecoration\":\"auto\",\"lineHeight\":\"45px\",\"letterSpace\":\"0px\"}},\"button\":{\"color\":\"rgba(13, 13, 14, 0.9)\",\"colorTwo\":\"rgba(252, 252, 253, 1)\",\"bg\":\"#c7f32f\",\"bgtwo\":\"linear-gradient(90deg, rgba(136, 91, 253, 0.8) 0px, rgba(99, 40, 255, 0.8) 68.76%)\",\"bgThree\":\"#f65c34\",\"bgHoverColor\":\"rgba(201, 245, 57, 0.918)\",\"bgHoverColorTwo\":\"rgba(99, 40, 255, 0.8)\",\"bgHoverColorThree\":\"#D14E2C\",\"width\":\"19px\",\"radius\":{\"top\":\"6px\",\"right\":\"6px\",\"bottom\":\"6px\",\"left\":\"6px\"},\"padding\":{\"desktop\":{\"top\":\"9px\",\"right\":\"16px\",\"bottom\":\"9px\",\"left\":\"16px\"},\"tablet\":{\"top\":\"9px\",\"right\":\"16px\",\"bottom\":\"9px\",\"left\":\"16px\"},\"mobile\":{\"top\":\"8px\",\"right\":\"16px\",\"bottom\":\"8px\",\"left\":\"16px\"}},\"typo\":{\"fontFamily\":\"Manrope\",\"fontCategory\":\"sans-serif\",\"fontWeight\":600,\"fontSize\":{\"desktop\":17,\"tablet\":16,\"mobile\":16},\"fontStyle\":\"normal\",\"textTransform\":\"none\",\"textDecoration\":\"auto\",\"lineHeight\":\"27px\",\"letterSpace\":\"0px\"}}},\"radiusThree\":{\"top\":\"16px\",\"right\":\"16px\",\"bottom\":\"16px\",\"left\":\"16px\"}}} /-->"
    }
]



