[
    {
        "label":"Style 1",
        "value":"theme1",
        "content":"<!-- wp:b-blocks/testimonials-pro {\"styles\":{\"section\":{\"background\":{\"color\":\"#2b3035\",\"type\":\"solid\"},\"title\":{\"color\":\"#fff\",\"typo\":{\"fontCategory\":\"sans-serif\",\"fontFamily\":\"Default\",\"fontSize\":{\"desktop\":48,\"mobile\":36,\"tablet\":38},\"fontVariant\":400,\"fontWeight\":600,\"isUploadFont\":true,\"lineHeight\":0,\"textDecoration\":\"\",\"textTransform\":\"none\"}},\"subtitle\":{\"color\":\"#fff\",\"typo\":{\"color\":\"#fff\",\"typo\":{\"fontCategory\":\"sans-serif\",\"fontFamily\":\"Default\",\"fontSize\":{\"desktop\":16,\"mobile\":14,\"tablet\":16},\"fontVariant\":400,\"fontWeight\":400,\"isUploadFont\":true,\"lineHeight\":0,\"textDecoration\":\"\",\"textTransform\":\"none\"}}}},\"testimonial\":{\"bg\":{\"color\":\"#212529\",\"image\":{\"url\":\"https://i.ibb.co/SXDhwKyN/Screenshot-2025-03-03-154800.png\"},\"overlayColor\":\"#00000000\",\"type\":\"solid\"},\"name\":{\"color\":\"#fff\",\"typo\":{\"fontCategory\":\"sans-serif\",\"fontFamily\":\"Default\",\"fontSize\":{\"desktop\":16,\"mobile\":16,\"tablet\":18},\"fontVariant\":400,\"fontWeight\":700,\"isUploadFont\":true,\"lineHeight\":0,\"textDecoration\":\"\",\"textTransform\":\"none\"}},\"designation\":{\"color\":\"#FFFFFF\",\"typo\":{\"fontCategory\":\"sans-serif\",\"fontFamily\":\"Default\",\"fontSize\":{\"desktop\":14,\"mobile\":14,\"tablet\":14},\"fontVariant\":400,\"fontWeight\":400,\"isUploadFont\":true,\"lineHeight\":0,\"textDecoration\":\"\",\"textTransform\":\"none\"}},\"content\":{\"color\":\"#fff\",\"typo\":{\"fontCategory\":\"sans-serif\",\"fontFamily\":\"Default\",\"fontSize\":{\"desktop\":16,\"mobile\":14,\"tablet\":16},\"fontVariant\":400,\"fontWeight\":600,\"isUploadFont\":true,\"lineHeight\":0,\"textDecoration\":\"\",\"textTransform\":\"none\"}},\"tags\":{\"color\":\"#FFFFFFCC\",\"typo\":{\"fontCategory\":\"sans-serif\",\"fontFamily\":\"Default\",\"fontSize\":{\"desktop\":14,\"mobile\":12,\"tablet\":14},\"fontVariant\":400,\"fontWeight\":400,\"isUploadFont\":true,\"lineHeight\":0,\"textDecoration\":\"\",\"textTransform\":\"none\"}},\"image\":{\"height\":\"3rem\",\"width\":\"3rem\",\"BorderRadius\":{\"top\":\"100%\",\"right\":\"100%\",\"bottom\":\"100%\",\"left\":\"100%\"},\"border\":{\"width\":\"1px\",\"color\":\"#ffffff\",\"style\":\"solid\"}}}},\"layout\":{\"sectionHeader\":{\"status\":true,\"title\":\"2500k People Using this AI\",\"subtitle\":\"85% of buyers prefer visual offers. Flowmapp is built to boost your offer\"},\"sectionBody\":{\"margin\":{\"top\":\"0px\",\"right\":\"0px\",\"bottom\":\"0px\",\"left\":\"0px\"},\"padding\":{\"top\":\"120px\",\"right\":\"0px\",\"bottom\":\"0px\",\"left\":\"0px\"},\"borderRadius\":{\"top\":\"0%\",\"right\":\"0%\",\"bottom\":\"0%\",\"left\":\"0%\"},\"colGap\":\"12px\",\"rowGap\":\"16px\",\"height\":\"43.75rem\",\"width\":\"100%\"},\"testimonialBody\":{\"height\":\"280px\",\"width\":\"350px\",\"testiBorderRadius\":{\"top\":\"8px\",\"right\":\"8px\",\"bottom\":\"8px\",\"left\":\"8px\"},\"padding\":{\"top\":\"24px\",\"right\":\"24px\",\"bottom\":\"24px\",\"left\":\"24px\"},\"shadow\":[{\"blur\":\"10px\",\"color\":\"#22222278\",\"hOffset\":\"0px\",\"isInset\":false,\"spreed\":\"0px\",\"vOffset\":\"5px\"}],\"border\":{\"width\":\"0px\",\"color\":\"#ffffff\",\"style\":\"solid\"}},\"testimonialBody3rdTheme\":{\"height\":\"556px\",\"width\":\"100%\"},\"badge\":{\"status\":true,\"text\":\"Client Feedback\",\"colors\":{\"bgType\":\"solid\",\"bg\":\"#6328FF\",\"color\":\"#fff\"}}},\"options\":{\"scroll\":{\"stopOnHover\":true,\"speed\":60},\"linkInNewTab\":true,\"fogEffect\":true,\"isTagsBottom\":true,\"tagsAlignment\":\"left\",\"simulateTouch\":true,\"slidingSpeed\":3000,\"navButton\":false,\"keyboardControl\":true,\"glowEffect\":true}} /-->"
    },
    {
        "label":"Style 2",
        "value":"theme2",
        "content":"<!-- wp:b-blocks/testimonials-pro {\"styles\":{\"section\":{\"background\":{\"color\":\"#2b3035\",\"type\":\"solid\"},\"title\":{\"color\":\"#fff\",\"typo\":{\"fontCategory\":\"sans-serif\",\"fontFamily\":\"Default\",\"fontSize\":{\"desktop\":48,\"mobile\":36,\"tablet\":38},\"fontVariant\":400,\"fontWeight\":600,\"isUploadFont\":true,\"lineHeight\":0,\"textDecoration\":\"\",\"textTransform\":\"none\"}},\"subtitle\":{\"color\":\"#fff\",\"typo\":{\"color\":\"#fff\",\"typo\":{\"fontCategory\":\"sans-serif\",\"fontFamily\":\"Default\",\"fontSize\":{\"desktop\":16,\"mobile\":14,\"tablet\":16},\"fontVariant\":400,\"fontWeight\":400,\"isUploadFont\":true,\"lineHeight\":0,\"textDecoration\":\"\",\"textTransform\":\"none\"}}}},\"testimonial\":{\"bg\":{\"color\":\"#31373C\",\"image\":{\"url\":\"https://i.ibb.co/SXDhwKyN/Screenshot-2025-03-03-154800.png\"},\"overlayColor\":\"#00000000\",\"type\":\"solid\"},\"name\":{\"color\":\"#fff\",\"typo\":{\"fontCategory\":\"sans-serif\",\"fontFamily\":\"Default\",\"fontSize\":{\"desktop\":16,\"mobile\":16,\"tablet\":18},\"fontVariant\":400,\"fontWeight\":700,\"isUploadFont\":true,\"lineHeight\":0,\"textDecoration\":\"\",\"textTransform\":\"none\"}},\"designation\":{\"color\":\"#FFFFFF\",\"typo\":{\"fontCategory\":\"sans-serif\",\"fontFamily\":\"Default\",\"fontSize\":{\"desktop\":14,\"mobile\":14,\"tablet\":14},\"fontVariant\":400,\"fontWeight\":400,\"isUploadFont\":true,\"lineHeight\":0,\"textDecoration\":\"\",\"textTransform\":\"none\"}},\"content\":{\"color\":\"#fff\",\"typo\":{\"fontCategory\":\"sans-serif\",\"fontFamily\":\"Default\",\"fontSize\":{\"desktop\":16,\"mobile\":14,\"tablet\":16},\"fontVariant\":400,\"fontWeight\":400,\"isUploadFont\":true,\"lineHeight\":0,\"textDecoration\":\"\",\"textTransform\":\"none\"}},\"tags\":{\"color\":\"#FFFFFFCC\",\"typo\":{\"fontCategory\":\"sans-serif\",\"fontFamily\":\"Default\",\"fontSize\":{\"desktop\":14,\"mobile\":12,\"tablet\":14},\"fontVariant\":400,\"fontWeight\":400,\"isUploadFont\":true,\"lineHeight\":0,\"textDecoration\":\"\",\"textTransform\":\"none\"}},\"image\":{\"height\":\"4.5rem\",\"width\":\"4rem\",\"BorderRadius\":{\"top\":\"8px\",\"right\":\"8px\",\"bottom\":\"8px\",\"left\":\"8px\"},\"border\":{\"width\":\"2px\",\"color\":\"#ffffff\",\"style\":\"solid\"}}}},\"layout\":{\"sectionHeader\":{\"status\":true,\"title\":\"2500k People Using this AI\",\"subtitle\":\"85% of buyers prefer visual offers. Flowmapp is built to boost your offer\"},\"sectionBody\":{\"margin\":{\"top\":\"0px\",\"right\":\"0px\",\"bottom\":\"0px\",\"left\":\"0px\"},\"padding\":{\"top\":\"120px\",\"right\":\"0px\",\"bottom\":\"0px\",\"left\":\"0px\"},\"borderRadius\":{\"top\":\"0%\",\"right\":\"0%\",\"bottom\":\"0%\",\"left\":\"0%\"},\"colGap\":\"32px\",\"rowGap\":\"28px\",\"height\":\"45rem\",\"width\":\"100%\"},\"testimonialBody\":{\"height\":\"280px\",\"width\":\"350px\",\"testiBorderRadius\":{\"top\":\"24px\",\"right\":\"24px\",\"bottom\":\"24px\",\"left\":\"24px\"},\"padding\":{\"top\":\"32px\",\"right\":\"32px\",\"bottom\":\"32px\",\"left\":\"32px\"},\"shadow\":[{\"blur\":\"10px\",\"color\":\"#22222278\",\"hOffset\":\"0px\",\"isInset\":false,\"spreed\":\"0px\",\"vOffset\":\"5px\"}],\"border\":{\"width\":\"0px\",\"color\":\"#ffffff\",\"style\":\"solid\"}},\"testimonialBody3rdTheme\":{\"height\":\"556px\",\"width\":\"100%\"},\"badge\":{\"status\":true,\"text\":\"Client Feedback\",\"colors\":{\"bgType\":\"solid\",\"bg\":\"#6328FF\",\"color\":\"#fff\"}}},\"selectedTheme\":\"theme2\"} /-->"
    },
    {
        "label":"Style 3",
        "value":"theme3",
        "content":"<!-- wp:b-blocks/testimonials-pro {\"testimonials\":[{\"name\":\"Kiss Dorka\",\"designation\":\"Product Design \u0026amp; UX Lead\",\"image\":\"https://templates.bplugins.com/wp-content/uploads/2025/02/p-32.png\",\"content\":\"Started using @flowmapp to create some App and Website Sitempas. Really liking it. Easy to use. Good to see that user flows appear to be in the Product Roadmap as well.\",\"tags\":[\"uxdesign\",\"ux\",\"webdesing\",\"uidesign\"]},{\"name\":\"Outline2Design\",\"designation\":\"Product Design \u0026amp; UX Lead\",\"image\":\"https://templates.bplugins.com/wp-content/uploads/2025/02/p-31.png\",\"content\":\"The desing process of the site has been delay again? Absolutely not enough time? Burn down deadlines? We recommend an excellent service that facilitates the whole process of spliting\",\"tags\":[]},{\"name\":\"Tóth Kamilla\",\"designation\":\"Infogenix\",\"image\":\"https://templates.bplugins.com/wp-content/uploads/2025/02/p-3.jpg\",\"content\":\"This a great tool to create architecture of the website this is one of the most important and the first steps before launching any product/website. Thanks, guys, for awesome app\",\"tags\":[]},{\"name\":\"Soós Annamária\",\"designation\":\"AI Hope\",\"image\":\"https://templates.bplugins.com/wp-content/uploads/2025/02/p-18.png\",\"content\":\"@flowmapp ist mein absolutes Lieblingstool zur website und Blog-Planung. Gesnders gut - kostenfreie Nutzung bei einem Projekt.\",\"tags\":[]},{\"name\":\"Veres Panna\",\"designation\":\"Trello\",\"image\":\"https://templates.bplugins.com/wp-content/uploads/2025/02/p-25.png\",\"content\":\"@flowmapp ist mein absolutes Lieblingstool zur website und Blog-Planung. Gesnders gut - kostenfreie Nutzung bei einem Projekt.\",\"tags\":[\"uxdesign\",\"ux\",\"webdesing\",\"uidesign\"]},{\"name\":\"Kiss Dorka\",\"designation\":\"Product Design \u0026amp; UX Lead\",\"image\":\"https://templates.bplugins.com/wp-content/uploads/2025/02/p-29.png\",\"content\":\"Started using @flowmapp to create some App and Website Sitempas. Really liking it. Easy to use. Good to see that user flows appear to be in the Product Roadmap as well.\",\"tags\":[\"uxdesign\",\"ux\",\"webdesing\",\"uidesign\"]},{\"name\":\"Outline2Design\",\"designation\":\"Product Design \u0026amp; UX Lead\",\"image\":\"https://templates.bplugins.com/wp-content/uploads/2025/02/p-28.png\",\"content\":\"The desing process of the site has been delay again? Absolutely not enough time? Burn down deadlines? We recommend an excellent service that facilitates the whole process of spliting\",\"tags\":[]},{\"name\":\"Tóth Kamilla\",\"designation\":\"Infogenix\",\"image\":\"https://templates.bplugins.com/wp-content/uploads/2025/02/p-33.png\",\"content\":\"This a great tool to create architecture of the website this is one of the most important and the first steps before launching any product/website. Thanks, guys, for awesome app\",\"tags\":[]},{\"name\":\"Soós Annamária\",\"designation\":\"AI Hope\",\"image\":\"https://templates.bplugins.com/wp-content/uploads/2025/02/p.jpg\",\"content\":\"@flowmapp ist mein absolutes Lieblingstool zur website und Blog-Planung. Gesnders gut - kostenfreie Nutzung bei einem Projekt.\",\"tags\":[]},{\"name\":\"Veres Panna\",\"designation\":\"Trello\",\"image\":\"https://templates.bplugins.com/wp-content/uploads/2025/02/p-2.jpg\",\"content\":\"@flowmapp ist mein absolutes Lieblingstool zur website und Blog-Planung. Gesnders gut - kostenfreie Nutzung bei einem Projekt.\",\"tags\":[\"uxdesign\",\"ux\",\"webdesing\",\"uidesign\"]},{\"name\":\"Kiss Dorka\",\"designation\":\"Product Design \u0026amp; UX Lead\",\"image\":\"https://templates.bplugins.com/wp-content/uploads/2025/02/p-32.png\",\"content\":\"Started using @flowmapp to create some App and Website Sitempas. Really liking it. Easy to use. Good to see that user flows appear to be in the Product Roadmap as well.\",\"tags\":[\"uxdesign\",\"ux\",\"webdesing\",\"uidesign\"]}],\"styles\":{\"section\":{\"background\":{\"color\":\"#2b3035\",\"type\":\"solid\"},\"title\":{\"color\":\"#fff\",\"typo\":{\"fontCategory\":\"sans-serif\",\"fontFamily\":\"Default\",\"fontSize\":{\"desktop\":48,\"mobile\":36,\"tablet\":38},\"fontVariant\":400,\"fontWeight\":600,\"isUploadFont\":true,\"lineHeight\":0,\"textDecoration\":\"\",\"textTransform\":\"none\"}},\"subtitle\":{\"color\":\"#fff\",\"typo\":{\"color\":\"#fff\",\"typo\":{\"fontCategory\":\"sans-serif\",\"fontFamily\":\"Default\",\"fontSize\":{\"desktop\":16,\"mobile\":14,\"tablet\":16},\"fontVariant\":400,\"fontWeight\":400,\"isUploadFont\":true,\"lineHeight\":0,\"textDecoration\":\"\",\"textTransform\":\"none\"}}}},\"testimonial\":{\"bg\":{\"color\":\"#212529\",\"image\":{\"url\":\"https://i.ibb.co/SXDhwKyN/Screenshot-2025-03-03-154800.png\"},\"position\":\"bottom center\",\"overlayColor\":\"#00000000\",\"type\":\"image\"},\"name\":{\"color\":\"#fff\",\"typo\":{\"fontCategory\":\"sans-serif\",\"fontFamily\":\"Default\",\"fontSize\":{\"desktop\":22,\"mobile\":16,\"tablet\":18},\"fontVariant\":400,\"fontWeight\":700,\"isUploadFont\":true,\"lineHeight\":0,\"textDecoration\":\"\",\"textTransform\":\"none\"}},\"designation\":{\"color\":\"#FFFFFFB0\",\"typo\":{\"fontCategory\":\"sans-serif\",\"fontFamily\":\"Default\",\"fontSize\":{\"desktop\":16,\"mobile\":14,\"tablet\":14},\"fontVariant\":400,\"fontWeight\":400,\"isUploadFont\":true,\"lineHeight\":0,\"textDecoration\":\"\",\"textTransform\":\"none\"}},\"content\":{\"color\":\"#fff\",\"typo\":{\"fontCategory\":\"sans-serif\",\"fontFamily\":\"Default\",\"fontSize\":{\"desktop\":36,\"mobile\":14,\"tablet\":16},\"fontVariant\":400,\"fontWeight\":500,\"isUploadFont\":true,\"lineHeight\":0,\"textDecoration\":\"\",\"textTransform\":\"none\"}},\"tags\":{\"color\":\"#FFFFFFCC\",\"typo\":{\"fontCategory\":\"sans-serif\",\"fontFamily\":\"Default\",\"fontSize\":{\"desktop\":14,\"mobile\":12,\"tablet\":14},\"fontVariant\":400,\"fontWeight\":400,\"isUploadFont\":true,\"lineHeight\":0,\"textDecoration\":\"\",\"textTransform\":\"none\"}},\"image\":{\"height\":\"4rem\",\"width\":\"4rem\",\"BorderRadius\":{\"top\":\"50%\",\"right\":\"50%\",\"bottom\":\"50%\",\"left\":\"50%\"},\"border\":{\"width\":\"3px\",\"color\":\"#ffffff\",\"style\":\"solid\"}}}},\"layout\":{\"sectionHeader\":{\"status\":false,\"title\":\"2500k People Using this AI\",\"subtitle\":\"85% of buyers prefer visual offers. Flowmapp is built to boost your offer\"},\"sectionBody\":{\"margin\":{\"top\":\"0px\",\"right\":\"0px\",\"bottom\":\"0px\",\"left\":\"0px\"},\"padding\":{\"top\":\"120px\",\"right\":\"0px\",\"bottom\":\"0px\",\"left\":\"0px\"},\"borderRadius\":{\"top\":\"0px\",\"right\":\"0px\",\"bottom\":\"0px\",\"left\":\"0px\"},\"colGap\":\"12px\",\"rowGap\":\"16px\",\"height\":\"41rem\",\"width\":\"100%\"},\"testimonialBody\":{\"height\":\"280px\",\"width\":\"350px\",\"testiBorderRadius\":{\"top\":\"0px\",\"right\":\"0px\",\"bottom\":\"0px\",\"left\":\"0px\"},\"padding\":{\"top\":\"80px\",\"right\":\"80px\",\"bottom\":\"80px\",\"left\":\"80px\"},\"shadow\":[{\"blur\":\"10px\",\"color\":\"#22222278\",\"hOffset\":\"0px\",\"isInset\":false,\"spreed\":\"0px\",\"vOffset\":\"5px\"}],\"border\":{\"width\":\"0px\",\"color\":\"#ffffff\",\"style\":\"solid\"}},\"testimonialBody3rdTheme\":{\"height\":\"556px\",\"width\":\"100%\"},\"badge\":{\"status\":true,\"text\":\"Client Feedback\",\"colors\":{\"bgType\":\"solid\",\"bg\":\"#6328FF\",\"color\":\"#fff\"}}},\"options\":{\"scroll\":{\"stopOnHover\":true,\"speed\":60},\"linkInNewTab\":true,\"fogEffect\":true,\"isTagsBottom\":true,\"tagsAlignment\":\"left\",\"simulateTouch\":true,\"slidingSpeed\":3000,\"navButton\":false,\"keyboardControl\":true,\"glowEffect\":true},\"selectedTheme\":\"theme3\"} /-->"
    }
]